epoch,train_loss,val_loss,test_loss
1,0.0001101,0.0000362,0.0001700
2,0.0001067,0.0000357,0.0001668
