epoch,train_loss,val_loss,test_loss
1,0.0001722,0.0000603,0.0002736
2,nan,0.0000598,0.0002745
3,nan,0.0000608,0.0002824
4,nan,nan,0.0002977
5,nan,0.0000652,0.0003042
6,nan,0.0000661,0.0003069
7,nan,0.0000665,0.0003104
8,nan,0.0000663,0.0003091
