epoch,train_loss,val_loss,test_loss
1,0.0000203,0.0000075,0.0000368
2,0.0000194,0.0000068,0.0000302
